"Effect","SSn","SSd","DFn","DFd","F","p","p<.05","ges"
"id",0.00012,0.00062,11,177,3.104,0.000764,"*",0.162
"spi_grop",0.000111,0.00062,3,177,10.563,2e-06,"*",0.152
"id:spi_grop",5.8e-05,0.00062,33,177,0.503,0.989,"",0.086
