"element","2-Dry;5-Dry","2-Dry;5-Wet","2-Wet;5-Wet","F_value","p_value"
"Cl",690.682257142857,610.235915151515,406.471657123288,29.8267047770771,6.4863498813502e-12
"EC",3200.22077922078,2930.42424242424,2096.05342465753,39.8060118204657,4.84499393881628e-15
"N-NH4",0.939708817878788,0.799709885050505,0.709549402130898,0.390545319242349,0.677259752512118
"N-NO2",0.459939875584416,0.271994938181818,0.520088033496756,1.96615780288811,0.142988793788338
"N-NO3",39.792706578961,35.8350275163636,27.8458329939005,5.03130648631783,0.00747864386424706
"P-PO4",0.515312126363636,0.640531994848485,0.767664296849315,3.17206885102796,0.044269981926421
