"element","Downstream","Groundwater","Midstream","Upstream","F_value","p_value"
"Cl",671.898065177665,635.580140740741,619.958310576923,372.756266860465,30.7046154479299,4.08202406017786e-18
"EC",3115.3578680203,2962.14814814815,2900.10192307692,2306,17.7607224119853,6.30970217234372e-11
"N-NH4",3.05559703520023,0.0554047151028806,0.381739669878917,1.22955713556848,9.24260279423228,6.01206202074589e-06
"N-NO2",0.820136746200908,0.00268818444444444,0.348968740064103,0.169713200930233,14.3408066090955,5.98984446919993e-09
"N-NO3",35.8538272464387,45.6780140377778,34.5922642208333,66.268235337093,30.076824980339,8.88767537265065e-18
"P-PO4",0.907228667055838,0.0639901955555555,1.49186295685897,0.356399344883721,3.21380234608782,0.0227795389158802
